,1987,1988,1989,1990,1991,1992,1993,1994,1995,1996,1997,1998,1999,2000,2001,2002,2003,2004,2005,2006,2007,2008,2009,2010,2011,2012,2013,2014,2015,2016,2017,2018,2019
AFG,L,L,L,L,L,L,L,L,L,L,L,L,L,L,L,L,L,L,L,L,L,L,L,L,L,L,L,L,L,L,L,L,L
ALB,..,..,..,LM,LM,LM,L,L,L,LM,L,LM,LM,LM,LM,LM,LM,LM,LM,LM,LM,LM,UM,UM,LM,UM,UM,UM,UM,UM,UM,UM,UM
DZA,UM,UM,LM,LM,LM,LM,LM,LM,LM,LM,LM,LM,LM,LM,LM,LM,LM,LM,LM,LM,LM,UM,UM,UM,UM,UM,UM,UM,UM,UM,UM,UM,LM
ASM,H,H,H,UM,UM,UM,UM,UM,UM,UM,UM,UM,UM,UM,UM,UM,UM,UM,UM,UM,UM,UM,UM,UM,UM,UM,UM,UM,UM,UM,UM,UM,UM
AND,..,..,..,H,H,H,H,H,H,H,H,H,H,H,H,H,H,H,H,H,H,H,H,H,H,H,H,H,H,H,H,H,H
AGO,..,LM,LM,LM,LM,LM,LM,LM,L,L,L,L,L,L,L,L,L,LM,LM,LM,LM,LM,LM,LM,UM,UM,UM,UM,UM,LM,LM,LM,LM
ATG,UM,UM,UM,UM,UM,UM,UM,UM,UM,UM,UM,UM,UM,UM,UM,H,UM,UM,H,H,H,H,UM,UM,UM,H,H,H,H,H,H,H,H
ARG,UM,UM,LM,LM,UM,UM,UM,UM,UM,UM,UM,UM,UM,UM,UM,UM,UM,UM,UM,UM,UM,UM,UM,UM,UM,UM,UM,H,UM,UM,H,UM,UM
ARM,..,..,..,..,LM,LM,L,L,L,L,L,L,L,L,L,LM,LM,LM,LM,LM,LM,LM,LM,LM,LM,LM,LM,LM,LM,LM,UM,UM,UM
ABW,H,H,H,H,UM,UM,UM,H,H,H,H,H,H,H,H,H,H,H,H,H,H,H,H,H,H,H,H,H,H,H,H,H,H
AUS,H,H,H,H,H,H,H,H,H,H,H,H,H,H,H,H,H,H,H,H,H,H,H,H,H,H,H,H,H,H,H,H,H
AUT,H,H,H,H,H,H,H,H,H,H,H,H,H,H,H,H,H,H,H,H,H,H,H,H,H,H,H,H,H,H,H,H,H
AZE,..,..,..,..,LM,LM,LM,L,L,L,L,L,L,L,L,L,LM,LM,LM,LM,LM,LM,UM,UM,UM,UM,UM,UM,UM,UM,UM,UM,UM
BHS,H,H,H,H,H,H,H,H,H,H,H,H,H,H,H,H,H,H,H,H,H,H,H,H,H,H,H,H,H,H,H,H,H
BHR,H,H,H,UM,UM,UM,UM,UM,UM,UM,UM,UM,UM,UM,H,H,H,H,H,H,H,H,H,H,H,H,H,H,H,H,H,H,H
BGD,L,L,L,L,L,L,L,L,L,L,L,L,L,L,L,L,L,L,L,L,L,L,L,L,L,L,L,LM,LM,LM,LM,LM,LM
BRB,UM,UM,H,UM,UM,UM,UM,UM,UM,UM,UM,UM,UM,H,UM,H,UM,UM,UM,H,H,H,H,H,H,H,H,H,H,H,H,H,H
BLR,..,..,..,..,UM,UM,UM,LM,LM,LM,LM,LM,LM,LM,LM,LM,LM,LM,LM,LM,UM,UM,UM,UM,UM,UM,UM,UM,UM,UM,UM,UM,UM
BEL,H,H,H,H,H,H,H,H,H,H,H,H,H,H,H,H,H,H,H,H,H,H,H,H,H,H,H,H,H,H,H,H,H
BLZ,LM,LM,LM,LM,LM,LM,LM,LM,LM,LM,LM,LM,LM,LM,LM,UM,UM,UM,UM,UM,UM,LM,LM,LM,LM,UM,UM,UM,UM,UM,UM,UM,UM
BEN,L,L,L,L,L,L,L,L,L,L,L,L,L,L,L,L,L,L,L,L,L,L,L,L,L,L,L,L,L,L,L,L,LM
BMU,H,H,H,H,H,H,H,H,H,H,H,H,H,H,H,H,H,H,H,H,H,H,H,H,H,H,H,H,H,H,H,H,H
BTN,L,L,L,L,L,L,L,L,L,L,L,L,L,L,L,L,L,L,L,LM,LM,LM,LM,LM,LM,LM,LM,LM,LM,LM,LM,LM,LM
BOL,LM,LM,LM,LM,LM,LM,LM,LM,LM,LM,LM,LM,LM,LM,LM,LM,LM,LM,LM,LM,LM,LM,LM,LM,LM,LM,LM,LM,LM,LM,LM,LM,LM
BIH,..,..,..,..,..,LM,L,L,L,L,L,LM,LM,LM,LM,LM,LM,LM,LM,LM,LM,UM,UM,UM,UM,UM,UM,UM,UM,UM,UM,UM,UM
BWA,LM,LM,LM,LM,UM,UM,LM,LM,LM,LM,UM,UM,UM,UM,UM,UM,UM,UM,UM,UM,UM,UM,UM,UM,UM,UM,UM,UM,UM,UM,UM,UM,UM
BRA,UM,LM,UM,UM,UM,UM,UM,UM,UM,UM,UM,UM,UM,UM,UM,LM,LM,LM,LM,UM,UM,UM,UM,UM,UM,UM,UM,UM,UM,UM,UM,UM,UM
VGB,..,..,..,..,..,..,..,..,..,..,..,..,..,..,..,..,..,..,..,..,..,..,..,..,..,..,..,..,H,H,H,H,H
BRN,H,..,..,H,H,H,H,H,H,H,H,H,H,H,H,H,H,H,H,H,H,H,H,H,H,H,H,H,H,H,H,H,H
BGR,..,..,LM,LM,LM,LM,LM,LM,LM,LM,LM,LM,LM,LM,LM,LM,LM,LM,LM,UM,UM,UM,UM,UM,UM,UM,UM,UM,UM,UM,UM,UM,UM
BFA,L,L,L,L,L,L,L,L,L,L,L,L,L,L,L,L,L,L,L,L,L,L,L,L,L,L,L,L,L,L,L,L,L
BDI,L,L,L,L,L,L,L,L,L,L,L,L,L,L,L,L,L,L,L,L,L,L,L,L,L,L,L,L,L,L,L,L,L
CPV,..,LM,LM,LM,LM,LM,LM,LM,LM,LM,LM,LM,LM,LM,LM,LM,LM,LM,LM,LM,LM,LM,LM,LM,LM,LM,LM,LM,LM,LM,LM,LM,LM
KHM,L,L,L,L,L,L,L,L,L,L,L,L,L,L,L,L,L,L,L,L,L,L,L,L,L,L,L,L,LM,LM,LM,LM,LM
CMR,LM,LM,LM,LM,LM,LM,LM,L,L,L,L,L,L,L,L,L,L,L,LM,LM,LM,LM,LM,LM,LM,LM,LM,LM,LM,LM,LM,LM,LM
CAN,H,H,H,H,H,H,H,H,H,H,H,H,H,H,H,H,H,H,H,H,H,H,H,H,H,H,H,H,H,H,H,H,H
CYM,..,..,..,..,..,..,H,H,H,H,H,H,H,H,H,H,H,H,H,H,H,H,H,H,H,H,H,H,H,H,H,H,H
CAF,L,L,L,L,L,L,L,L,L,L,L,L,L,L,L,L,L,L,L,L,L,L,L,L,L,L,L,L,L,L,L,L,L
TCD,L,L,L,L,L,L,L,L,L,L,L,L,L,L,L,L,L,L,L,L,L,L,L,L,L,L,L,L,L,L,L,L,L
CHI,H,H,H,H,H,H,H,H,H,H,H,H,H,H,H,H,H,H,H,H,H,H,H,H,H,H,H,H,H,H,H,H,H
CHL,LM,LM,LM,LM,LM,LM,UM,UM,UM,UM,UM,UM,UM,UM,UM,UM,UM,UM,UM,UM,UM,UM,UM,UM,UM,H,H,H,H,H,H,H,H
CHN,L,L,L,L,L,L,L,L,L,L,LM,L,LM,LM,LM,LM,LM,LM,LM,LM,LM,LM,LM,UM,UM,UM,UM,UM,UM,UM,UM,UM,UM
COL,LM,LM,LM,LM,LM,LM,LM,LM,LM,LM,LM,LM,LM,LM,LM,LM,LM,LM,LM,LM,LM,UM,UM,UM,UM,UM,UM,UM,UM,UM,UM,UM,UM
COM,L,L,L,L,L,L,L,L,L,L,L,L,L,L,L,L,L,L,L,L,L,L,L,L,L,L,L,L,L,L,L,LM,LM
COD,L,L,L,L,L,L,L,L,L,L,L,L,L,L,L,L,L,L,L,L,L,L,L,L,L,L,L,L,L,L,L,L,L
COG,LM,LM,LM,LM,LM,LM,LM,L,L,L,L,L,L,L,L,L,L,L,LM,LM,LM,LM,LM,LM,LM,LM,LM,LM,LM,LM,LM,LM,LM
CRI,LM,LM,LM,LM,LM,LM,LM,LM,LM,LM,LM,LM,LM,UM,UM,UM,UM,UM,UM,UM,UM,UM,UM,UM,UM,UM,UM,UM,UM,UM,UM,UM,UM
CIV,LM,LM,LM,LM,LM,LM,L,L,L,L,L,L,L,L,L,L,L,L,L,L,L,LM,LM,LM,LM,LM,LM,LM,LM,LM,LM,LM,LM
HRV,..,..,..,..,..,LM,LM,LM,UM,UM,UM,UM,UM,UM,UM,UM,UM,UM,UM,UM,UM,H,H,H,H,H,H,H,H,UM,H,H,H
CUB,..,..,..,LM,LM,LM,LM,LM,LM,LM,LM,LM,LM,LM,LM,LM,LM,LM,LM,LM,UM,UM,UM,UM,UM,UM,UM,UM,UM,UM,UM,UM,UM
CUW,..,..,..,..,..,..,..,..,..,..,..,..,..,..,..,..,..,..,..,..,..,..,..,H,H,H,H,H,H,H,H,H,H
CYP,UM,H,H,H,H,H,H,H,H,H,H,H,H,H,H,H,H,H,H,H,H,H,H,H,H,H,H,H,H,H,H,H,H
CZE,..,..,..,..,..,LM,LM,UM,UM,UM,UM,UM,UM,UM,UM,UM,UM,UM,UM,H,H,H,H,H,H,H,H,H,H,H,H,H,H
DNK,H,H,H,H,H,H,H,H,H,H,H,H,H,H,H,H,H,H,H,H,H,H,H,H,H,H,H,H,H,H,H,H,H
DJI,..,..,..,LM,LM,LM,LM,LM,LM,LM,LM,LM,LM,LM,LM,LM,LM,LM,LM,LM,LM,LM,LM,LM,LM,LM,LM,LM,LM,LM,LM,LM,LM
DMA,LM,LM,LM,LM,LM,LM,LM,LM,LM,LM,LM,LM,UM,UM,UM,UM,UM,UM,UM,UM,UM,UM,UM,UM,UM,UM,UM,UM,UM,UM,UM,UM,UM
DOM,LM,LM,LM,LM,LM,LM,LM,LM,LM,LM,LM,LM,LM,LM,LM,LM,LM,LM,LM,LM,LM,UM,UM,UM,UM,UM,UM,UM,UM,UM,UM,UM,UM
ECU,LM,LM,LM,LM,LM,LM,LM,LM,LM,LM,LM,LM,LM,LM,LM,LM,LM,LM,LM,LM,LM,LM,LM,UM,UM,UM,UM,UM,UM,UM,UM,UM,UM
EGY,LM,LM,LM,L,L,L,L,L,LM,LM,LM,LM,LM,LM,LM,LM,LM,LM,LM,LM,LM,LM,LM,LM,LM,LM,LM,LM,LM,LM,LM,LM,LM
SLV,LM,LM,LM,LM,LM,LM,LM,LM,LM,LM,LM,LM,LM,LM,LM,LM,LM,LM,LM,LM,LM,LM,LM,LM,LM,LM,LM,LM,LM,LM,LM,LM,LM
GNQ,L,L,L,L,L,L,L,L,L,L,LM,LM,LM,LM,L,L,L,UM,UM,UM,H,H,H,H,H,H,H,H,UM,UM,UM,UM,UM
ERI,..,..,..,..,..,L,L,L,L,L,L,L,L,L,L,L,L,L,L,L,L,L,L,L,L,L,L,L,L,L,L,L,L
EST,..,..,..,..,UM,UM,UM,LM,LM,LM,UM,UM,UM,UM,UM,UM,UM,UM,UM,H,H,H,H,H,H,H,H,H,H,H,H,H,H
SWZ,LM,LM,LM,LM,LM,LM,LM,LM,LM,LM,LM,LM,LM,LM,LM,LM,LM,LM,LM,LM,LM,LM,LM,LM,LM,LM,LM,LM,LM,LM,LM,LM,LM
ETH,L,L,L,L,L,L,L,L,L,L,L,L,L,L,L,L,L,L,L,L,L,L,L,L,L,L,L,L,L,L,L,L,L
FRO,H,H,H,H,H,H,H,H,H,H,H,H,H,H,H,H,H,H,H,H,H,H,H,H,H,H,H,H,H,H,H,H,H
FJI,LM,LM,LM,LM,LM,LM,LM,LM,LM,LM,LM,LM,LM,LM,LM,LM,LM,LM,LM,LM,UM,UM,UM,LM,LM,UM,UM,UM,UM,UM,UM,UM,UM
FIN,H,H,H,H,H,H,H,H,H,H,H,H,H,H,H,H,H,H,H,H,H,H,H,H,H,H,H,H,H,H,H,H,H
FRA,H,H,H,H,H,H,H,H,H,H,H,H,H,H,H,H,H,H,H,H,H,H,H,H,H,H,H,H,H,H,H,H,H
PYF,..,..,..,H,H,H,H,H,H,H,H,H,H,H,H,H,H,H,H,H,H,H,H,H,H,H,H,H,H,H,H,H,H
GAB,UM,UM,UM,UM,UM,UM,UM,UM,UM,UM,UM,UM,UM,UM,UM,UM,UM,UM,UM,UM,UM,UM,UM,UM,UM,UM,UM,UM,UM,UM,UM,UM,UM
GMB,L,L,L,L,L,L,L,L,L,L,L,L,L,L,L,L,L,L,L,L,L,L,L,L,L,L,L,L,L,L,L,L,L
GEO,..,..,..,..,LM,LM,L,L,L,LM,LM,LM,L,L,L,L,LM,LM,LM,LM,LM,LM,LM,LM,LM,LM,LM,LM,UM,LM,LM,UM,UM
DEU,H,H,H,H,H,H,H,H,H,H,H,H,H,H,H,H,H,H,H,H,H,H,H,H,H,H,H,H,H,H,H,H,H
GHA,L,L,L,L,L,L,L,L,L,L,L,L,L,L,L,L,L,L,L,L,L,L,L,LM,LM,LM,LM,LM,LM,LM,LM,LM,LM
GIB,UM,UM,UM,UM,UM,UM,UM,..,..,..,..,..,..,..,..,..,..,..,..,..,..,..,H,H,..,..,..,..,H,H,H,H,H
GRC,UM,UM,UM,UM,UM,UM,UM,UM,UM,H,H,H,H,H,H,H,H,H,H,H,H,H,H,H,H,H,H,H,H,H,H,H,H
GRL,H,H,H,H,H,H,H,H,H,H,H,H,H,H,H,H,H,H,H,H,H,H,H,H,H,H,H,H,H,H,H,H,H
GRD,LM,LM,LM,LM,LM,LM,LM,LM,LM,LM,UM,UM,UM,UM,UM,UM,UM,UM,UM,UM,UM,UM,UM,UM,UM,UM,UM,UM,UM,UM,UM,UM,UM
GUM,H,H,H,UM,UM,UM,UM,UM,H,H,H,H,H,H,H,H,H,H,H,H,H,H,H,H,H,H,H,H,H,H,H,H,H
GTM,LM,LM,LM,LM,LM,LM,LM,LM,LM,LM,LM,LM,LM,LM,LM,LM,LM,LM,LM,LM,LM,LM,LM,LM,LM,LM,LM,LM,LM,LM,UM,UM,UM
GIN,L,L,L,L,L,L,L,L,L,L,L,L,L,L,L,L,L,L,L,L,L,L,L,L,L,L,L,L,L,L,L,L,L
GNB,L,L,L,L,L,L,L,L,L,L,L,L,L,L,L,L,L,L,L,L,L,L,L,L,L,L,L,L,L,L,L,L,L
GUY,L,L,L,L,L,L,L,L,L,L,LM,LM,LM,LM,LM,LM,LM,LM,LM,LM,LM,LM,LM,LM,LM,LM,LM,LM,UM,UM,UM,UM,UM
HTI,L,L,L,L,L,L,L,L,L,L,L,L,L,L,L,L,L,L,L,L,L,L,L,L,L,L,L,L,L,L,L,L,L
HND,LM,LM,LM,L,L,L,L,L,L,L,L,L,LM,LM,LM,LM,LM,LM,LM,LM,LM,LM,LM,LM,LM,LM,LM,LM,LM,LM,LM,LM,LM
HKG,H,H,H,H,H,H,H,H,H,H,H,H,H,H,H,H,H,H,H,H,H,H,H,H,H,H,H,H,H,H,H,H,H
HUN,UM,UM,UM,UM,UM,UM,UM,UM,UM,UM,UM,UM,UM,UM,UM,UM,UM,UM,UM,UM,H,H,H,H,H,UM,UM,H,H,H,H,H,H
ISL,H,H,H,H,H,H,H,H,H,H,H,H,H,H,H,H,H,H,H,H,H,H,H,H,H,H,H,H,H,H,H,H,H
IND,L,L,L,L,L,L,L,L,L,L,L,L,L,L,L,L,L,L,L,L,LM,LM,LM,LM,LM,LM,LM,LM,LM,LM,LM,LM,LM
IDN,L,L,L,L,L,L,LM,LM,LM,LM,LM,L,L,L,L,L,LM,LM,LM,LM,LM,LM,LM,LM,LM,LM,LM,LM,LM,LM,LM,LM,UM
IRN,UM,UM,UM,LM,LM,LM,LM,LM,LM,LM,LM,LM,LM,LM,LM,LM,LM,LM,LM,LM,LM,LM,UM,UM,UM,UM,UM,UM,UM,UM,UM,UM,UM
IRQ,UM,UM,UM,UM,LM,LM,LM,LM,LM,LM,LM,LM,LM,LM,LM,LM,LM,LM,LM,LM,LM,LM,LM,LM,LM,UM,UM,UM,UM,UM,UM,UM,UM
IRL,H,H,H,H,H,H,H,H,H,H,H,H,H,H,H,H,H,H,H,H,H,H,H,H,H,H,H,H,H,H,H,H,H
IMN,H,H,H,UM,UM,UM,UM,UM,UM,UM,UM,UM,UM,UM,UM,H,H,H,H,H,H,H,H,H,H,H,H,H,H,H,H,H,H
ISR,H,H,H,H,H,H,H,H,H,H,H,H,H,H,H,H,H,H,H,H,H,H,H,H,H,H,H,H,H,H,H,H,H
ITA,H,H,H,H,H,H,H,H,H,H,H,H,H,H,H,H,H,H,H,H,H,H,H,H,H,H,H,H,H,H,H,H,H
JAM,LM,LM,LM,LM,LM,LM,LM,LM,LM,LM,LM,LM,LM,LM,LM,LM,LM,LM,LM,LM,UM,UM,UM,UM,UM,UM,UM,UM,UM,UM,UM,UM,UM
JPN,H,H,H,H,H,H,H,H,H,H,H,H,H,H,H,H,H,H,H,H,H,H,H,H,H,H,H,H,H,H,H,H,H
JOR,LM,LM,LM,LM,LM,LM,LM,LM,LM,LM,LM,LM,LM,LM,LM,LM,LM,LM,LM,LM,LM,LM,LM,UM,UM,UM,UM,UM,UM,LM,UM,UM,UM
KAZ,..,..,..,..,LM,LM,LM,LM,LM,LM,LM,LM,LM,LM,LM,LM,LM,LM,LM,UM,UM,UM,UM,UM,UM,UM,UM,UM,UM,UM,UM,UM,UM
KEN,L,L,L,L,L,L,L,L,L,L,L,L,L,L,L,L,L,L,L,L,L,L,L,L,L,L,L,LM,LM,LM,LM,LM,LM
KIR,LM,LM,LM,LM,LM,LM,LM,LM,LM,LM,LM,LM,LM,LM,LM,LM,LM,LM,LM,LM,LM,LM,LM,LM,LM,LM,LM,LM,LM,LM,LM,LM,LM
PRK,..,..,..,LM,LM,LM,LM,LM,LM,LM,LM,L,L,L,L,L,L,L,L,L,L,L,L,L,L,L,L,L,L,L,L,L,L
KOR,UM,UM,UM,UM,UM,UM,UM,UM,H,H,H,UM,UM,UM,H,H,H,H,H,H,H,H,H,H,H,H,H,H,H,H,H,H,H
XKX,..,..,..,..,..,..,..,..,..,..,..,..,..,..,..,..,..,..,..,..,..,LM,LM,LM,LM,LM,LM,LM,LM,LM,LM,UM,UM
KWT,H,H,H,H,H,H,H,H,H,H,H,H,H,H,H,H,H,H,H,H,H,H,H,H,H,H,H,H,H,H,H,H,H
KGZ,..,..,..,..,LM,LM,LM,L,L,L,L,L,L,L,L,L,L,L,L,L,L,L,L,L,L,L,LM,LM,LM,LM,LM,LM,LM
LAO,L,L,L,L,L,L,L,L,L,L,L,L,L,L,L,L,L,L,L,L,L,L,L,LM,LM,LM,LM,LM,LM,LM,LM,LM,LM
LVA,..,..,..,..,UM,LM,LM,LM,LM,LM,LM,LM,LM,LM,UM,UM,UM,UM,UM,UM,UM,UM,H,UM,UM,H,H,H,H,H,H,H,H
LBN,LM,LM,LM,LM,LM,LM,LM,LM,LM,LM,UM,UM,UM,UM,UM,UM,UM,UM,UM,UM,UM,UM,UM,UM,UM,UM,UM,UM,UM,UM,UM,UM,UM
LSO,L,L,L,L,L,L,L,L,LM,L,L,L,L,L,L,L,L,L,LM,LM,LM,LM,LM,LM,LM,LM,LM,LM,LM,LM,LM,LM,LM
LBR,L,L,L,L,L,L,L,L,L,L,L,L,L,L,L,L,L,L,L,L,L,L,L,L,L,L,L,L,L,L,L,L,L
LBY,UM,UM,UM,UM,UM,UM,UM,UM,UM,UM,UM,UM,UM,UM,UM,UM,UM,UM,UM,UM,UM,UM,UM,UM,UM,UM,UM,UM,UM,UM,UM,UM,UM
LIE,..,..,..,..,..,..,..,H,H,H,H,H,H,H,H,H,H,H,H,H,H,H,H,H,H,H,H,H,H,H,H,H,H
LTU,..,..,..,..,UM,LM,LM,LM,LM,LM,LM,LM,LM,LM,UM,UM,UM,UM,UM,UM,UM,UM,UM,UM,UM,H,H,H,H,H,H,H,H
LUX,H,H,H,H,H,H,H,H,H,H,H,H,H,H,H,H,H,H,H,H,H,H,H,H,H,H,H,H,H,H,H,H,H
MAC,UM,UM,UM,UM,UM,UM,UM,H,H,H,H,H,H,H,H,H,H,H,H,H,H,H,H,H,H,H,H,H,H,H,H,H,H
MDG,L,L,L,L,L,L,L,L,L,L,L,L,L,L,L,L,L,L,L,L,L,L,L,L,L,L,L,L,L,L,L,L,L
MWI,L,L,L,L,L,L,L,L,L,L,L,L,L,L,L,L,L,L,L,L,L,L,L,L,L,L,L,L,L,L,L,L,L
MYS,LM,LM,LM,LM,LM,UM,UM,UM,UM,UM,UM,UM,UM,UM,UM,UM,UM,UM,UM,UM,UM,UM,UM,UM,UM,UM,UM,UM,UM,UM,UM,UM,UM
MDV,L,L,L,L,L,L,LM,LM,LM,LM,LM,LM,LM,LM,LM,LM,LM,LM,LM,LM,LM,LM,LM,UM,UM,UM,UM,UM,UM,UM,UM,UM,UM
MLI,L,L,L,L,L,L,L,L,L,L,L,L,L,L,L,L,L,L,L,L,L,L,L,L,L,L,L,L,L,L,L,L,L
MLT,UM,UM,H,UM,UM,UM,UM,UM,UM,UM,UM,H,UM,H,UM,H,H,H,H,H,H,H,H,H,H,H,H,H,H,H,H,H,H
MHL,..,..,..,..,LM,LM,LM,LM,LM,LM,LM,LM,LM,LM,LM,LM,LM,LM,LM,LM,LM,LM,LM,LM,LM,UM,UM,UM,UM,UM,UM,UM,UM
MRT,L,L,L,L,L,L,L,L,L,L,L,L,L,L,L,L,L,L,L,L,L,L,L,LM,L,LM,LM,LM,LM,LM,LM,LM,LM
MUS,LM,LM,LM,LM,LM,UM,UM,UM,UM,UM,UM,UM,UM,UM,UM,UM,UM,UM,UM,UM,UM,UM,UM,UM,UM,UM,UM,UM,UM,UM,UM,UM,H
MEX,LM,LM,LM,UM,UM,UM,UM,UM,UM,UM,UM,UM,UM,UM,UM,UM,UM,UM,UM,UM,UM,UM,UM,UM,UM,UM,UM,UM,UM,UM,UM,UM,UM
FSM,..,..,..,..,LM,LM,LM,LM,LM,LM,LM,LM,LM,LM,LM,LM,LM,LM,LM,LM,LM,LM,LM,LM,LM,LM,LM,LM,LM,LM,LM,LM,LM
MDA,..,..,..,..,LM,LM,LM,LM,LM,L,L,L,L,L,L,L,L,L,LM,LM,LM,LM,LM,LM,LM,LM,LM,LM,LM,LM,LM,LM,LM
MCO,..,..,..,..,..,..,..,H,H,H,H,H,H,H,H,H,H,H,H,H,H,H,H,H,H,H,H,H,H,H,H,H,H
MNG,..,..,LM,LM,LM,LM,L,L,L,L,L,L,L,L,L,L,L,L,L,L,LM,LM,LM,LM,LM,LM,LM,UM,LM,LM,LM,LM,LM
MNE,..,..,..,..,..,..,..,..,..,..,..,..,..,..,..,..,..,..,..,UM,UM,UM,UM,UM,UM,UM,UM,UM,UM,UM,UM,UM,UM
MAR,LM,LM,LM,LM,LM,LM,LM,LM,LM,LM,LM,LM,LM,LM,LM,LM,LM,LM,LM,LM,LM,LM,LM,LM,LM,LM,LM,LM,LM,LM,LM,LM,LM
MOZ,L,L,L,L,L,L,L,L,L,L,L,L,L,L,L,L,L,L,L,L,L,L,L,L,L,L,L,L,L,L,L,L,L
MMR,L,L,L,L,L,L,L,L,L,L,L,L,L,L,L,L,L,L,L,L,L,L,L,L,L,L,L,LM,LM,LM,LM,LM,LM
NAM,..,..,LM,LM,LM,LM,LM,LM,LM,LM,LM,LM,LM,LM,LM,LM,LM,LM,LM,LM,LM,UM,UM,UM,UM,UM,UM,UM,UM,UM,UM,UM,UM
NRU,..,..,..,..,..,..,..,..,..,..,..,..,..,..,..,..,..,..,..,..,..,..,..,..,..,..,..,..,H,UM,UM,UM,H
NPL,L,L,L,L,L,L,L,L,L,L,L,L,L,L,L,L,L,L,L,L,L,L,L,L,L,L,L,L,L,L,L,L,LM
NLD,H,H,H,H,H,H,H,H,H,H,H,H,H,H,H,H,H,H,H,H,H,H,H,H,H,H,H,H,H,H,H,H,H
NCL,UM,UM,UM,UM,UM,UM,UM,UM,H,H,H,H,H,H,H,H,H,H,H,H,H,H,H,H,H,H,H,H,H,H,H,H,H
NZL,H,H,H,H,H,H,H,H,H,H,H,H,H,H,H,H,H,H,H,H,H,H,H,H,H,H,H,H,H,H,H,H,H
NIC,LM,LM,LM,LM,L,L,L,L,L,L,L,L,L,L,L,L,L,L,LM,LM,LM,LM,LM,LM,LM,LM,LM,LM,LM,LM,LM,LM,LM
NER,L,L,L,L,L,L,L,L,L,L,L,L,L,L,L,L,L,L,L,L,L,L,L,L,L,L,L,L,L,L,L,L,L
NGA,L,L,L,L,L,L,L,L,L,L,L,L,L,L,L,L,L,L,L,L,L,LM,LM,LM,LM,LM,LM,LM,LM,LM,LM,LM,LM
MKD,..,..,..,..,..,LM,LM,LM,LM,LM,LM,LM,LM,LM,LM,LM,LM,LM,LM,LM,LM,UM,UM,UM,UM,UM,UM,UM,UM,UM,UM,UM,UM
MNP,..,..,..,..,..,LM,LM,LM,H,H,H,H,H,H,H,UM,UM,UM,UM,UM,H,H,H,H,H,H,H,H,H,H,H,H,H
NOR,H,H,H,H,H,H,H,H,H,H,H,H,H,H,H,H,H,H,H,H,H,H,H,H,H,H,H,H,H,H,H,H,H
OMN,UM,UM,UM,UM,UM,UM,UM,UM,UM,UM,UM,UM,UM,UM,UM,UM,UM,UM,UM,UM,H,H,H,H,H,H,H,H,H,H,H,H,H
PAK,L,L,L,L,L,L,L,L,L,L,L,L,L,L,L,L,L,L,L,L,L,LM,LM,LM,LM,LM,LM,LM,LM,LM,LM,LM,LM
PLW,..,..,..,..,..,..,..,..,..,UM,UM,UM,UM,UM,UM,UM,UM,UM,UM,UM,UM,UM,UM,UM,UM,UM,UM,UM,UM,H,H,H,H
PAN,UM,LM,LM,LM,LM,LM,LM,LM,LM,LM,LM,UM,UM,UM,UM,UM,UM,UM,UM,UM,UM,UM,UM,UM,UM,UM,UM,UM,UM,UM,H,H,H
PNG,LM,LM,LM,LM,LM,LM,LM,LM,LM,LM,LM,LM,LM,LM,L,L,L,L,L,L,L,LM,LM,LM,LM,LM,LM,LM,LM,LM,LM,LM,LM
PRY,LM,LM,LM,LM,LM,LM,LM,LM,LM,LM,LM,LM,LM,LM,LM,LM,LM,LM,LM,LM,LM,LM,LM,LM,LM,LM,LM,UM,UM,UM,UM,UM,UM
PER,LM,LM,LM,LM,LM,LM,LM,LM,LM,LM,LM,LM,LM,LM,LM,LM,LM,LM,LM,LM,LM,UM,UM,UM,UM,UM,UM,UM,UM,UM,UM,UM,UM
PHL,LM,LM,LM,LM,LM,LM,LM,LM,LM,LM,LM,LM,LM,LM,LM,LM,LM,LM,LM,LM,LM,LM,LM,LM,LM,LM,LM,LM,LM,LM,LM,LM,LM
POL,LM,LM,LM,LM,LM,LM,LM,LM,LM,UM,UM,UM,UM,UM,UM,UM,UM,UM,UM,UM,UM,UM,H,H,H,H,H,H,H,H,H,H,H
PRT,UM,UM,UM,UM,UM,UM,UM,H,H,H,H,H,H,H,H,H,H,H,H,H,H,H,H,H,H,H,H,H,H,H,H,H,H
PRI,UM,UM,H,UM,UM,UM,UM,UM,UM,UM,UM,UM,UM,UM,UM,H,H,H,H,H,H,H,H,H,H,H,H,H,H,H,H,H,H
QAT,H,H,H,H,H,H,H,H,H,H,H,H,H,H,H,H,H,H,H,H,H,H,H,H,H,H,H,H,H,H,H,H,H
ROU,UM,UM,UM,LM,LM,LM,LM,LM,LM,LM,LM,LM,LM,LM,LM,LM,LM,LM,UM,UM,UM,UM,UM,UM,UM,UM,UM,UM,UM,UM,UM,UM,H
RUS,..,..,..,..,UM,LM,LM,LM,LM,LM,LM,LM,LM,LM,LM,LM,LM,UM,UM,UM,UM,UM,UM,UM,UM,H,H,H,UM,UM,UM,UM,UM
RWA,L,L,L,L,L,L,L,L,L,L,L,L,L,L,L,L,L,L,L,L,L,L,L,L,L,L,L,L,L,L,L,L,L
WSM,LM,LM,LM,LM,LM,LM,LM,LM,LM,LM,LM,LM,LM,LM,LM,LM,LM,LM,LM,LM,LM,LM,LM,LM,LM,LM,LM,LM,LM,UM,UM,UM,UM
SMR,..,..,..,..,H,H,H,..,..,..,..,..,..,H,H,H,H,H,H,H,H,H,H,H,H,H,H,H,H,H,H,H,H
STP,L,L,L,L,L,L,L,L,L,L,L,L,L,L,L,L,L,L,L,L,L,LM,LM,LM,LM,LM,LM,LM,LM,LM,LM,LM,LM
SAU,H,H,H,UM,UM,UM,UM,UM,UM,UM,UM,UM,UM,UM,UM,UM,UM,H,H,H,H,H,H,H,H,H,H,H,H,H,H,H,H
SEN,LM,LM,LM,LM,LM,LM,LM,L,L,L,L,L,L,L,L,L,L,L,L,L,L,L,LM,LM,LM,LM,LM,LM,L,L,L,LM,LM
SRB,..,..,..,..,..,..,..,..,..,..,..,..,..,..,..,..,..,..,..,UM,UM,UM,UM,UM,UM,UM,UM,UM,UM,UM,UM,UM,UM
SYC,UM,UM,UM,UM,UM,UM,UM,UM,UM,UM,UM,UM,UM,UM,UM,UM,UM,UM,UM,UM,UM,UM,UM,UM,UM,UM,UM,H,H,H,H,H,H
SLE,L,L,L,L,L,L,L,L,L,L,L,L,L,L,L,L,L,L,L,L,L,L,L,L,L,L,L,L,L,L,L,L,L
SGP,H,H,H,H,H,H,H,H,H,H,H,H,H,H,H,H,H,H,H,H,H,H,H,H,H,H,H,H,H,H,H,H,H
SXM,..,..,..,..,..,..,..,..,..,..,..,..,..,..,..,..,..,..,..,..,..,..,..,H,H,H,H,H,H,H,H,H,H
SVK,..,..,..,..,..,LM,LM,LM,LM,UM,UM,UM,UM,UM,UM,UM,UM,UM,UM,UM,H,H,H,H,H,H,H,H,H,H,H,H,H
SVN,..,..,..,..,..,UM,UM,UM,UM,UM,H,H,H,H,H,H,H,H,H,H,H,H,H,H,H,H,H,H,H,H,H,H,H
SLB,L,LM,L,L,L,LM,LM,LM,LM,LM,LM,L,L,L,L,L,L,L,L,L,L,LM,L,LM,LM,LM,LM,LM,LM,LM,LM,LM,LM
SOM,L,L,L,L,L,L,L,L,L,L,L,L,L,L,L,L,L,L,L,L,L,L,L,L,L,L,L,L,L,L,L,L,L
ZAF,LM,UM,UM,UM,UM,UM,UM,UM,UM,UM,UM,LM,UM,UM,LM,LM,LM,UM,UM,UM,UM,UM,UM,UM,UM,UM,UM,UM,UM,UM,UM,UM,UM
SSD,..,..,..,..,..,..,..,..,..,..,..,..,..,..,..,..,..,..,..,..,..,..,..,..,LM,L,LM,L,L,L,L,L,L
ESP,H,H,H,H,H,H,H,H,H,H,H,H,H,H,H,H,H,H,H,H,H,H,H,H,H,H,H,H,H,H,H,H,H
LKA,L,L,L,L,L,L,L,L,L,L,LM,LM,LM,LM,LM,LM,LM,LM,LM,LM,LM,LM,LM,LM,LM,LM,LM,LM,LM,LM,LM,UM,LM
KNA,UM,UM,UM,UM,UM,UM,UM,UM,UM,UM,UM,UM,UM,UM,UM,UM,UM,UM,UM,UM,UM,UM,UM,UM,H,H,H,H,H,H,H,H,H
LCA,LM,LM,LM,LM,LM,UM,UM,UM,UM,UM,UM,UM,UM,UM,UM,UM,UM,UM,UM,UM,UM,UM,UM,UM,UM,UM,UM,UM,UM,UM,UM,UM,UM
MAF,..,..,..,..,..,..,..,..,..,..,..,..,..,..,..,..,..,..,..,..,..,..,..,H,H,H,H,H,H,H,H,H,H
VCT,LM,LM,LM,LM,LM,LM,LM,LM,LM,LM,LM,LM,LM,LM,LM,LM,UM,UM,UM,UM,UM,UM,UM,UM,UM,UM,UM,UM,UM,UM,UM,UM,UM
SDN,L,L,L,L,L,L,L,L,L,L,L,L,L,L,L,L,L,L,L,L,LM,LM,LM,LM,LM,LM,LM,LM,LM,LM,LM,LM,L
SUR,UM,UM,UM,UM,UM,UM,LM,LM,LM,LM,LM,LM,LM,LM,LM,LM,LM,LM,LM,LM,UM,UM,UM,UM,UM,UM,UM,UM,UM,UM,UM,UM,UM
SWE,H,H,H,H,H,H,H,H,H,H,H,H,H,H,H,H,H,H,H,H,H,H,H,H,H,H,H,H,H,H,H,H,H
CHE,H,H,H,H,H,H,H,H,H,H,H,H,H,H,H,H,H,H,H,H,H,H,H,H,H,H,H,H,H,H,H,H,H
SYR,LM,LM,LM,LM,LM,LM,LM,LM,LM,LM,LM,LM,LM,LM,LM,LM,LM,LM,LM,LM,LM,LM,LM,LM,LM,LM,LM,LM,LM,LM,L,L,L
TWN,H,H,H,H,H,H,H,H,H,H,H,H,H,H,H,H,H,H,H,H,H,H,H,H,H,H,H,H,H,H,H,H,H
TJK,..,..,..,..,LM,L,L,L,L,L,L,L,L,L,L,L,L,L,L,L,L,L,L,L,L,L,L,LM,LM,LM,L,L,L
TZA,L,L,L,L,L,L,L,L,L,L,L,L,L,L,L,L,L,L,L,L,L,L,L,L,L,L,L,L,L,L,L,L,LM
THA,LM,LM,LM,LM,LM,LM,LM,LM,LM,LM,LM,LM,LM,LM,LM,LM,LM,LM,LM,LM,LM,LM,LM,UM,UM,UM,UM,UM,UM,UM,UM,UM,UM
TLS,..,..,..,..,..,..,..,..,..,..,..,..,..,..,L,L,L,L,L,L,LM,LM,LM,LM,LM,LM,LM,LM,LM,LM,LM,LM,LM
TGO,L,L,L,L,L,L,L,L,L,L,L,L,L,L,L,L,L,L,L,L,L,L,L,L,L,L,L,L,L,L,L,L,L
TON,LM,LM,LM,LM,LM,LM,LM,LM,LM,LM,LM,LM,LM,LM,LM,LM,LM,LM,LM,LM,LM,LM,LM,LM,LM,UM,UM,UM,LM,UM,UM,UM,UM
TTO,UM,UM,UM,UM,UM,UM,UM,UM,UM,UM,UM,UM,UM,UM,UM,UM,UM,UM,UM,H,H,H,H,H,H,H,H,H,H,H,H,H,H
TUN,LM,LM,LM,LM,LM,LM,LM,LM,LM,LM,LM,LM,LM,LM,LM,LM,LM,LM,LM,LM,LM,LM,LM,UM,UM,UM,UM,UM,LM,LM,LM,LM,LM
TUR,LM,LM,LM,LM,LM,LM,LM,LM,LM,LM,UM,UM,LM,UM,LM,LM,LM,UM,UM,UM,UM,UM,UM,UM,UM,UM,UM,UM,UM,UM,UM,UM,UM
TKM,..,..,..,..,LM,LM,LM,LM,LM,LM,L,L,L,LM,LM,LM,LM,LM,LM,LM,LM,LM,LM,LM,UM,UM,UM,UM,UM,UM,UM,UM,UM
TCA,..,..,..,..,..,..,..,..,..,..,..,..,..,..,..,..,..,..,..,..,..,..,H,H,H,H,H,H,H,H,H,H,H
TUV,..,..,..,..,..,..,..,..,..,..,..,..,..,..,..,..,..,..,..,..,..,..,LM,LM,UM,UM,UM,UM,UM,UM,UM,UM,UM
UGA,L,L,L,L,L,L,L,L,L,L,L,L,L,L,L,L,L,L,L,L,L,L,L,L,L,L,L,L,L,L,L,L,L
UKR,..,..,..,..,LM,LM,LM,LM,LM,LM,LM,LM,L,L,L,LM,LM,LM,LM,LM,LM,LM,LM,LM,LM,LM,LM,LM,LM,LM,LM,LM,LM
ARE,H,H,H,H,H,H,H,H,H,H,H,H,H,H,H,H,H,H,H,H,H,H,H,H,H,H,H,H,H,H,H,H,H
GBR,H,H,H,H,H,H,H,H,H,H,H,H,H,H,H,H,H,H,H,H,H,H,H,H,H,H,H,H,H,H,H,H,H
USA,H,H,H,H,H,H,H,H,H,H,H,H,H,H,H,H,H,H,H,H,H,H,H,H,H,H,H,H,H,H,H,H,H
URY,UM,UM,UM,UM,UM,UM,UM,UM,UM,UM,UM,UM,UM,UM,UM,UM,UM,UM,UM,UM,UM,UM,UM,UM,UM,H,H,H,H,H,H,H,H
UZB,..,..,..,..,LM,LM,LM,LM,LM,LM,LM,LM,L,L,L,L,L,L,L,L,L,L,LM,LM,LM,LM,LM,LM,LM,LM,LM,LM,LM
VUT,LM,LM,LM,LM,LM,LM,LM,LM,LM,LM,LM,LM,LM,LM,LM,LM,LM,LM,LM,LM,LM,LM,LM,LM,LM,LM,LM,LM,LM,LM,LM,LM,LM
VEN,UM,UM,UM,UM,UM,UM,UM,LM,LM,LM,UM,UM,UM,UM,UM,UM,UM,UM,UM,UM,UM,UM,UM,UM,UM,UM,UM,H,UM,UM,UM,UM,UM
VNM,L,L,L,L,L,L,L,L,L,L,L,L,L,L,L,L,L,L,L,L,L,L,LM,LM,LM,LM,LM,LM,LM,LM,LM,LM,LM
VIR,H,H,H,H,H,H,H,H,H,H,H,H,H,H,H,H,H,H,H,H,H,H,H,H,H,H,H,H,H,H,H,H,H
PSE,..,..,..,..,..,..,..,LM,LM,LM,LM,LM,LM,LM,LM,LM,LM,LM,LM,LM,LM,LM,LM,LM,LM,LM,LM,LM,LM,LM,LM,LM,LM
YEM,LM*,LM*,LM,LM,L,L,L,L,L,L,L,L,L,L,L,L,L,L,L,L,L,L,LM,LM,LM,LM,LM,LM,LM,LM,L,L,L
ZMB,L,L,L,L,L,L,L,L,L,L,L,L,L,L,L,L,L,L,L,L,L,L,L,LM,LM,LM,LM,LM,LM,LM,LM,LM,LM
ZWE,LM,LM,LM,LM,L,L,L,L,L,L,L,L,L,L,L,L,L,L,L,L,L,L,L,L,L,L,L,L,L,L,L,LM,LM
